<?xml version="1.0" encoding="UTF-8"?><?xml-stylesheet type='text/xsl' href='_UpgradeReport_Files/UpgradeReport.xslt'?><UpgradeLog>
<Properties><Property Name="Solution" Value="SMSapplication">
</Property><Property Name="Solution File" Value="G:\SMS_DLL\SMSapplication_2010_Version\SMSapplication.sln">
</Property><Property Name="User Options File" Value="G:\SMS_DLL\SMSapplication_2010_Version\SMSapplication.suo">
</Property><Property Name="Date" Value="Thursday, January 24, 2013">
</Property><Property Name="Time" Value="17:23 PM">
</Property></Properties><Event ErrorLevel="0" Project="" Source="SMSapplication.sln" Description="File successfully backed up as G:\SMS_DLL\Backup Before Convert Into 2010\Backup\SMSapplication.sln">
</Event><Event ErrorLevel="0" Project="" Source="SMSapplication.suo" Description="File successfully backed up as G:\SMS_DLL\Backup Before Convert Into 2010\Backup\SMSapplication.suo">
</Event><Event ErrorLevel="0" Project="SMSapplication" Source="SMSapplication.csproj" Description="Project file successfully backed up as G:\SMS_DLL\Backup Before Convert Into 2010\Backup\SMSapplication.csproj">
</Event><Event ErrorLevel="0" Project="SMSapplication" Source="SMSapplication.csproj.user" Description="Project user file successfully backed up as G:\SMS_DLL\Backup Before Convert Into 2010\Backup\SMSapplication.csproj.user">
</Event><Event ErrorLevel="0" Project="SMSapplication" Source="AppSMS.cs" Description="File successfully backed up as G:\SMS_DLL\Backup Before Convert Into 2010\Backup\AppSMS.cs">
</Event><Event ErrorLevel="0" Project="SMSapplication" Source="AppSMS.Designer.cs" Description="File successfully backed up as G:\SMS_DLL\Backup Before Convert Into 2010\Backup\AppSMS.Designer.cs">
</Event><Event ErrorLevel="0" Project="SMSapplication" Source="Classes\clsSMS.cs" Description="File successfully backed up as G:\SMS_DLL\Backup Before Convert Into 2010\Backup\Classes\clsSMS.cs">
</Event><Event ErrorLevel="0" Project="SMSapplication" Source="Classes\ShortMessage.cs" Description="File successfully backed up as G:\SMS_DLL\Backup Before Convert Into 2010\Backup\Classes\ShortMessage.cs">
</Event><Event ErrorLevel="0" Project="SMSapplication" Source="Classes\ShortMessageCollection.cs" Description="File successfully backed up as G:\SMS_DLL\Backup Before Convert Into 2010\Backup\Classes\ShortMessageCollection.cs">
</Event><Event ErrorLevel="0" Project="SMSapplication" Source="SendMessage.cs" Description="File successfully backed up as G:\SMS_DLL\Backup Before Convert Into 2010\Backup\SendMessage.cs">
</Event><Event ErrorLevel="0" Project="SMSapplication" Source="SendMessage.Designer.cs" Description="File successfully backed up as G:\SMS_DLL\Backup Before Convert Into 2010\Backup\SendMessage.Designer.cs">
</Event><Event ErrorLevel="0" Project="SMSapplication" Source="SMSapplication.cs" Description="File successfully backed up as G:\SMS_DLL\Backup Before Convert Into 2010\Backup\SMSapplication.cs">
</Event><Event ErrorLevel="0" Project="SMSapplication" Source="SMSapplication.Designer.cs" Description="File successfully backed up as G:\SMS_DLL\Backup Before Convert Into 2010\Backup\SMSapplication.Designer.cs">
</Event><Event ErrorLevel="0" Project="SMSapplication" Source="Program.cs" Description="File successfully backed up as G:\SMS_DLL\Backup Before Convert Into 2010\Backup\Program.cs">
</Event><Event ErrorLevel="0" Project="SMSapplication" Source="Properties\AssemblyInfo.cs" Description="File successfully backed up as G:\SMS_DLL\Backup Before Convert Into 2010\Backup\Properties\AssemblyInfo.cs">
</Event><Event ErrorLevel="0" Project="SMSapplication" Source="Properties\Resources.Designer.cs" Description="File successfully backed up as G:\SMS_DLL\Backup Before Convert Into 2010\Backup\Properties\Resources.Designer.cs">
</Event><Event ErrorLevel="0" Project="SMSapplication" Source="Properties\Settings.Designer.cs" Description="File successfully backed up as G:\SMS_DLL\Backup Before Convert Into 2010\Backup\Properties\Settings.Designer.cs">
</Event><Event ErrorLevel="0" Project="SMSapplication" Source="Properties\Settings.settings" Description="File successfully backed up as G:\SMS_DLL\Backup Before Convert Into 2010\Backup\Properties\Settings.settings">
</Event><Event ErrorLevel="0" Project="SMSapplication" Source="AppSMS.resx" Description="File successfully backed up as G:\SMS_DLL\Backup Before Convert Into 2010\Backup\AppSMS.resx">
</Event><Event ErrorLevel="0" Project="SMSapplication" Source="SendMessage.resx" Description="File successfully backed up as G:\SMS_DLL\Backup Before Convert Into 2010\Backup\SendMessage.resx">
</Event><Event ErrorLevel="0" Project="SMSapplication" Source="SMSapplication.resx" Description="File successfully backed up as G:\SMS_DLL\Backup Before Convert Into 2010\Backup\SMSapplication.resx">
</Event><Event ErrorLevel="0" Project="SMSapplication" Source="Properties\Resources.resx" Description="File successfully backed up as G:\SMS_DLL\Backup Before Convert Into 2010\Backup\Properties\Resources.resx">
</Event><Event ErrorLevel="1" Project="SMSapplication" Source="SMSapplication.csproj" Description="Your project is targeting .NET Framework 2.0 or 3.0. If your project uses assemblies requiring a newer .NET Framework, your project will fail to build. You can change the .NET Framework version by clicking Properties on the project menu and then selecting a new version in the '.NET Framework' dropdown box. (In Visual Basic, this is located on the Compile tab by clicking the 'Advanced Compiler Options...' button.)">
</Event><Event ErrorLevel="0" Project="SMSapplication" Source="SMSapplication.csproj" Description="Project converted successfully">
</Event><Event ErrorLevel="3" Project="SMSapplication" Source="SMSapplication.csproj" Description="Converted">
</Event><Event ErrorLevel="0" Project="" Source="SMSapplication.sln" Description="Solution converted successfully">
</Event><Event ErrorLevel="3" Project="" Source="SMSapplication.sln" Description="Converted">
</Event><Event ErrorLevel="0" Project="SMSapplication" Source="SMSapplication.csproj" Description="Scan complete: Upgrade not required for project files.">
</Event></UpgradeLog>